pr_auc,roc_auc,accuracy,precision,recall,f1_score,operating_threshold
0.9864933127086103,0.9985358011432223,0.9953134551382191,0.9538950715421304,0.9375,0.9456264775413712,0.41591092022840265
