pr_auc,roc_auc,accuracy,precision,recall,f1_score,operating_threshold
0.9832096854893654,0.9988598287829298,0.9947700876180127,0.9461172741679873,0.9328125,0.939417781274587,0.5634905042567127
