pr_auc,roc_auc,accuracy,precision,recall,f1_score,operating_threshold
0.9856128746793135,0.9987606955194206,0.995381376078245,0.9554140127388535,0.9375,0.9463722397476341,0.4580037593841553
