pr_auc,roc_auc,accuracy,precision,recall,f1_score,operating_threshold
0.9240391836689776,0.9872409332173542,0.9955172179582965,0.9541139240506329,0.9421875,0.9481132075471698,0.29134652184950355
