pr_auc,roc_auc,accuracy,precision,recall,f1_score,operating_threshold
0.93180841216757,0.9924421288077824,0.994634245737961,0.943127962085308,0.9328125,0.9379418695993715,0.5495138078568649
