pr_auc,roc_auc,accuracy,precision,recall,f1_score,operating_threshold
0.9243890223524899,0.9887278766953064,0.9944984038579094,0.9472,0.925,0.9359683794466404,0.5923962593078613
